loadDestinations,2020-08-21 16-36-46,main
loadRoutes,2020-08-21 16-36-47,main
loadDestinations,2020-08-21 16-38-17,main
loadRoutes,2020-08-21 16-38-18,main
loadDestinations,2020-08-21 16-54-07,main
loadRoutes,2020-08-21 16-54-08,main
loadDestinations,2020-08-21 17-13-43,main
loadRoutes,2020-08-21 17-13-44,main
loadDestinations,2020-08-21 17-14-05,main
loadRoutes,2020-08-21 17-14-06,main
loadDestinations,2020-08-21 17-14-34,main
loadRoutes,2020-08-21 17-14-35,main
loadDestinations,2020-08-21 17-15-01,main
loadRoutes,2020-08-21 17-15-02,main
loadDestinations,2020-08-21 17-15-25,main
loadRoutes,2020-08-21 17-15-25,main
loadDestinations,2020-08-21 17-15-44,main
loadRoutes,2020-08-21 17-15-45,main
loadDestinations,2020-08-21 17-15-55,main
loadRoutes,2020-08-21 17-15-55,main
loadDestinations,2020-08-21 17-16-22,main
loadRoutes,2020-08-21 17-16-23,main
loadDestinations,2020-08-21 17-16-39,main
loadRoutes,2020-08-21 17-16-40,main
loadDestinations,2020-08-21 17-17-31,main
loadRoutes,2020-08-21 17-17-32,main
loadTravellers,2020-08-21 17-17-32,main
loadDestinations,2020-08-21 17-18-21,main
loadRoutes,2020-08-21 17-18-22,main
loadTravellers,2020-08-21 17-18-22,main
loadDestinations,2020-08-21 17-19-07,main
loadRoutes,2020-08-21 17-19-08,main
loadTravellers,2020-08-21 17-19-08,main
addTraveller,2020-08-21 17-19-08,main
addTraveller,2020-08-21 17-19-08,main
loadDestinations,2020-08-21 17-23-57,main
loadRoutes,2020-08-21 17-23-58,main
loadTravellers,2020-08-21 17-23-58,main
addTraveller,2020-08-21 17-23-58,main
addTraveller,2020-08-21 17-23-58,main
loadDestinations,2020-08-21 17-24-24,main
loadRoutes,2020-08-21 17-24-25,main
loadTravellers,2020-08-21 17-24-25,main
addTraveller,2020-08-21 17-24-26,main
addTraveller,2020-08-21 17-24-26,main
loadDestinations,2020-08-21 17-24-35,main
loadRoutes,2020-08-21 17-24-36,main
loadTravellers,2020-08-21 17-24-36,main
addTraveller,2020-08-21 17-24-36,main
addTraveller,2020-08-21 17-24-36,main
loadDestinations,2020-08-21 17-25-54,main
loadRoutes,2020-08-21 17-25-55,main
loadTrips,2020-08-21 17-25-55,main
loadTravellers,2020-08-21 17-25-55,main
addTraveller,2020-08-21 17-25-55,main
addTraveller,2020-08-21 17-25-55,main
loadDestinations,2020-08-21 17-26-43,main
loadRoutes,2020-08-21 17-26-44,main
loadTrips,2020-08-21 17-26-44,main
loadTravellers,2020-08-21 17-26-44,main
addTraveller,2020-08-21 17-26-44,main
addTraveller,2020-08-21 17-26-44,main
loadDestinations,2020-08-21 17-27-57,main
loadRoutes,2020-08-21 17-27-58,main
loadTrips,2020-08-21 17-27-58,main
loadTravellers,2020-08-21 17-27-58,main
addTraveller,2020-08-21 17-27-58,main
addTraveller,2020-08-21 17-27-58,main
loadDestinations,2020-08-21 17-28-48,main
loadRoutes,2020-08-21 17-28-49,main
loadTrips,2020-08-21 17-28-49,main
loadTravellers,2020-08-21 17-28-49,main
addTraveller,2020-08-21 17-28-49,main
addTraveller,2020-08-21 17-28-49,main
loadDestinations,2020-08-21 17-29-00,main
loadRoutes,2020-08-21 17-29-01,main
loadTrips,2020-08-21 17-29-01,main
loadTravellers,2020-08-21 17-29-01,main
addTraveller,2020-08-21 17-29-01,main
addTraveller,2020-08-21 17-29-01,main
loadDestinations,2020-08-21 17-29-46,main
loadRoutes,2020-08-21 17-29-47,main
loadTrips,2020-08-21 17-29-47,main
loadTravellers,2020-08-21 17-29-47,main
addTraveller,2020-08-21 17-29-47,main
addTraveller,2020-08-21 17-29-47,main
loadDestinations,2020-08-21 17-30-40,main
loadRoutes,2020-08-21 17-30-41,main
loadTrips,2020-08-21 17-30-41,main
loadTravellers,2020-08-21 17-30-41,main
addTraveller,2020-08-21 17-30-41,main
addTraveller,2020-08-21 17-30-41,main
loadDestinations,2020-08-21 17-31-20,main
loadRoutes,2020-08-21 17-31-21,main
loadTrips,2020-08-21 17-31-21,main
loadTravellers,2020-08-21 17-31-21,main
addTraveller,2020-08-21 17-31-21,main
addTraveller,2020-08-21 17-31-21,main
loadDestinations,2020-08-21 17-32-05,main
loadRoutes,2020-08-21 17-32-06,main
loadTrips,2020-08-21 17-32-06,main
loadTravellers,2020-08-21 17-32-06,main
addTraveller,2020-08-21 17-32-06,main
addTraveller,2020-08-21 17-32-06,main
loadDestinations,2020-08-21 17-32-56,main
loadRoutes,2020-08-21 17-32-57,main
loadTrips,2020-08-21 17-32-57,main
loadTravellers,2020-08-21 17-32-57,main
loadDestinations,2020-08-21 17-33-12,main
loadRoutes,2020-08-21 17-33-13,main
loadTrips,2020-08-21 17-33-13,main
loadTravellers,2020-08-21 17-33-13,main
loadDestinations,2020-08-21 17-33-59,main
loadRoutes,2020-08-21 17-34-00,main
loadTrips,2020-08-21 17-34-00,main
loadTravellers,2020-08-21 17-34-00,main
loadDestinations,2020-08-21 17-34-23,main
loadRoutes,2020-08-21 17-34-24,main
loadTrips,2020-08-21 17-34-24,main
loadTravellers,2020-08-21 17-34-24,main
loadDestinations,2020-08-21 17-36-09,main
loadRoutes,2020-08-21 17-36-10,main
loadTrips,2020-08-21 17-36-10,main
loadTravellers,2020-08-21 17-36-10,main
loadDestinations,2020-08-21 17-36-30,main
loadRoutes,2020-08-21 17-36-31,main
loadTrips,2020-08-21 17-36-31,main
loadTravellers,2020-08-21 17-36-31,main
loadDestinations,2020-08-21 17-36-59,main
loadRoutes,2020-08-21 17-37-00,main
loadTrips,2020-08-21 17-37-00,main
loadTravellers,2020-08-21 17-37-00,main
loadDestinations,2020-08-21 17-37-15,main
loadRoutes,2020-08-21 17-37-16,main
loadTrips,2020-08-21 17-37-16,main
loadTravellers,2020-08-21 17-37-16,main
loadDestinations,2020-08-21 17-37-47,main
loadRoutes,2020-08-21 17-37-48,main
loadTrips,2020-08-21 17-37-48,main
loadTravellers,2020-08-21 17-37-48,main
loadDestinations,2020-08-21 17-37-58,main
loadRoutes,2020-08-21 17-37-59,main
loadTrips,2020-08-21 17-37-59,main
loadTravellers,2020-08-21 17-37-59,main
loadDestinations,2020-08-21 17-39-08,main
loadRoutes,2020-08-21 17-39-09,main
loadTrips,2020-08-21 17-39-09,main
loadTravellers,2020-08-21 17-39-09,main
loadDestinations,2020-08-21 17-40-37,main
loadRoutes,2020-08-21 17-40-38,main
loadTrips,2020-08-21 17-40-38,main
loadTravellers,2020-08-21 17-40-38,main
loadDestinations,2020-08-21 17-41-04,main
loadRoutes,2020-08-21 17-41-05,main
loadTrips,2020-08-21 17-41-05,main
loadTravellers,2020-08-21 17-41-05,main
loadDestinations,2020-08-21 17-41-44,main
loadRoutes,2020-08-21 17-41-45,main
loadTrips,2020-08-21 17-41-45,main
loadTravellers,2020-08-21 17-41-46,main
loadDestinations,2020-08-21 17-42-14,main
loadRoutes,2020-08-21 17-42-15,main
loadTrips,2020-08-21 17-42-15,main
loadTravellers,2020-08-21 17-42-15,main
loadDestinations,2020-08-21 17-42-53,main
loadRoutes,2020-08-21 17-42-55,main
loadTrips,2020-08-21 17-42-55,main
loadTravellers,2020-08-21 17-42-55,main
loadDestinations,2020-08-21 17-44-22,main
loadRoutes,2020-08-21 17-44-23,main
loadTrips,2020-08-21 17-44-23,main
loadTravellers,2020-08-21 17-44-23,main
loadDestinations,2020-08-21 17-45-07,main
loadRoutes,2020-08-21 17-45-08,main
loadTrips,2020-08-21 17-45-08,main
loadTravellers,2020-08-21 17-45-08,main
loadDestinations,2020-08-21 17-45-33,main
loadRoutes,2020-08-21 17-45-33,main
loadTrips,2020-08-21 17-45-33,main
loadTravellers,2020-08-21 17-45-33,main
loadDestinations,2020-08-21 17-45-51,main
loadRoutes,2020-08-21 17-45-52,main
loadTrips,2020-08-21 17-45-52,main
loadTravellers,2020-08-21 17-45-52,main
loadDestinations,2020-08-21 17-46-10,main
loadRoutes,2020-08-21 17-46-11,main
loadTrips,2020-08-21 17-46-11,main
loadTravellers,2020-08-21 17-46-11,main
loadDestinations,2020-08-21 17-46-20,main
loadRoutes,2020-08-21 17-46-21,main
loadTrips,2020-08-21 17-46-21,main
loadTravellers,2020-08-21 17-46-21,main
loadDestinations,2020-08-21 17-46-54,main
loadRoutes,2020-08-21 17-46-55,main
loadTrips,2020-08-21 17-46-55,main
loadTravellers,2020-08-21 17-46-55,main
loadDestinations,2020-08-21 17-47-08,main
loadRoutes,2020-08-21 17-47-09,main
loadTrips,2020-08-21 17-47-09,main
loadTravellers,2020-08-21 17-47-09,main
loadDestinations,2020-08-21 17-48-03,main
loadRoutes,2020-08-21 17-48-04,main
loadTrips,2020-08-21 17-48-04,main
loadTravellers,2020-08-21 17-48-04,main
loadDestinations,2020-08-21 17-48-37,main
loadRoutes,2020-08-21 17-48-38,main
loadTrips,2020-08-21 17-48-38,main
loadTravellers,2020-08-21 17-48-38,main
loadDestinations,2020-08-21 17-49-32,main
loadRoutes,2020-08-21 17-49-33,main
loadTrips,2020-08-21 17-49-33,main
loadTravellers,2020-08-21 17-49-33,main
loadDestinations,2020-08-21 17-50-13,main
loadRoutes,2020-08-21 17-50-14,main
loadTrips,2020-08-21 17-50-14,main
loadTravellers,2020-08-21 17-50-14,main
loadDestinations,2020-08-21 17-50-47,main
loadRoutes,2020-08-21 17-50-48,main
loadTrips,2020-08-21 17-50-48,main
loadTravellers,2020-08-21 17-50-48,main
loadDestinations,2020-08-21 17-55-33,main
loadRoutes,2020-08-21 17-55-35,main
loadTrips,2020-08-21 17-55-35,main
loadTravellers,2020-08-21 17-55-35,main
deleteTraveller,2020-08-21 17-55-35,main
loadDestinations,2020-08-21 17-56-48,main
loadRoutes,2020-08-21 17-56-49,main
loadTrips,2020-08-21 17-56-50,main
loadTravellers,2020-08-21 17-56-50,main
deleteTraveller,2020-08-21 17-56-50,main
loadDestinations,2020-08-21 17-57-03,main
loadRoutes,2020-08-21 17-57-04,main
loadTrips,2020-08-21 17-57-04,main
loadTravellers,2020-08-21 17-57-04,main
loadDestinations,2020-08-21 17-57-54,main
loadRoutes,2020-08-21 17-57-55,main
loadTrips,2020-08-21 17-57-55,main
loadTravellers,2020-08-21 17-57-55,main
deleteTraveller,2020-08-21 17-57-55,main
loadDestinations,2020-08-21 18-02-08,main
loadRoutes,2020-08-21 18-02-09,main
loadTrips,2020-08-21 18-02-09,main
loadTravellers,2020-08-21 18-02-09,main
editTraveller,2020-08-21 18-02-09,main
loadDestinations,2020-08-21 18-02-36,main
loadRoutes,2020-08-21 18-02-37,main
loadTrips,2020-08-21 18-02-37,main
loadTravellers,2020-08-21 18-02-37,main
editTraveller,2020-08-21 18-02-37,main
loadDestinations,2020-08-21 18-02-49,main
loadRoutes,2020-08-21 18-02-50,main
loadTrips,2020-08-21 18-02-50,main
loadTravellers,2020-08-21 18-02-50,main
editTraveller,2020-08-21 18-02-50,main
loadDestinations,2020-08-21 18-03-09,main
loadRoutes,2020-08-21 18-03-10,main
loadTrips,2020-08-21 18-03-10,main
loadTravellers,2020-08-21 18-03-10,main
editTraveller,2020-08-21 18-03-10,main
